{
  "total_trips": 10959,
  "processed_trips": 10959,
  "hourly_distribution": {
    "0": 398,
    "1": 444,
    "2": 502,
    "3": 477,
    "4": 444,
    "5": 500,
    "6": 449,
    "7": 444,
    "8": 445,
    "9": 479,
    "10": 449,
    "11": 445,
    "12": 422,
    "13": 493,
    "14": 460,
    "15": 455,
    "16": 444,
    "17": 451,
    "18": 478,
    "19": 445,
    "20": 442,
    "21": 466,
    "22": 445,
    "23": 482
  },
  "distance_stats": {
    "min": 0,
    "max": 15128.180359424865,
    "avg": 270.92389716567055,
    "total": 2969054.989038584
  },
  "duration_stats": {
    "min": 5.0,
    "max": 2107105.0,
    "avg": 41383.1397025276,
    "total": 453517828.0
  }
}